,DGP 1,DGP 2,DGP 3
v1,0.705998184306015,0.6957162721370076,0.7011242963426282
v2,0.29411420625597956,0.3030136161273846,0.30099327051836183
vC,0.0,0.0,0.0
main_effect_cross_predictability,-0.13164585468297563,-0.10284965959934823,-0.1501018049796104
main_effect_cov,0.12833830087729667,-0.0017034937941414724,-0.125299211449141
pure_interactions,1.4840730138024023e-06,0.10163251832539864,0.2671578752105418
