,v1,v2,vC,main_effect_cross_predictability,main_effect_cov,pure_interactions
"('citric_acid', 'chlorides')",0.06724256330714144,0.09060675282912192,0.0,-0.009424282204445984,-0.023030312521396097,0.018195158745031616
"('citric_acid', 'density')",0.06724256330714144,0.12622240919603245,0.0,-0.009323274463913995,-0.024194120863004646,0.011685415596223107
"('citric_acid', 'fixed_acidity')",0.06724256330714144,0.012234297534148609,0.0,-0.0014810206144316783,0.0070785833142941994,0.009338333934424495
"('citric_acid', 'free_sulfur_dioxide')",0.06724256330714144,0.040285980053387994,0.0,-0.0034660897748644017,-0.012443835276870702,0.010247104919714449
"('citric_acid', 'pH')",0.06724256330714144,0.002599625646847205,0.0,-0.007017576552820412,0.011196490977956875,0.012939563720597541
"('citric_acid', 'residual_sugar')",0.06724256330714144,0.023425511411196323,0.0,-0.0045894255305706745,0.006707205268829908,0.011544295690838494
"('citric_acid', 'sulphates')",0.06724256330714144,0.024467417598315867,0.0,-0.0020360245915871165,0.005033305017044317,0.010063770584606994
"('citric_acid', 'total_sulfur_dioxide')",0.06724256330714144,0.04514685941458597,0.0,-0.010091067193319148,0.0024621693577210257,0.009242736062819562
"('citric_acid', 'volatile_acidity')",0.06724256330714144,0.07256292947769671,0.0,-0.01671666393518379,-0.023549072290762706,0.005742607207690219
