,v1,v2,vC,main_effect_cross_predictability,main_effect_cov,pure_interactions
"('residual_sugar', 'chlorides')",0.009861966714263237,0.023731801082772345,0.0,0.009016207061044184,0.005002961693032891,0.00583037986257594
"('residual_sugar', 'citric_acid')",0.009861966714263237,0.014685381834416323,0.0,0.005004567033765263,0.003066682488398029,0.008433279851896352
"('residual_sugar', 'density')",0.009861966714263237,0.025401425932757286,0.0,0.025154720284871937,0.01763713724590136,0.005117986352013576
"('residual_sugar', 'fixed_acidity')",0.009861966714263237,0.008939089612558468,0.0,0.005542997756235596,0.001423928297906888,0.00756356983069114
"('residual_sugar', 'free_sulfur_dioxide')",0.009861966714263237,0.013916555879830017,0.0,0.006136462694868705,0.0025105633808218415,0.0036127340787225127
"('residual_sugar', 'pH')",0.009861966714263237,0.003944555420706346,0.0,0.002612226282705949,0.0006048802710464597,0.004994596403422879
"('residual_sugar', 'sulphates')",0.009861966714263237,0.013381188539283424,0.0,0.002258196632812214,0.0020521581782495433,0.0080958610230868
"('residual_sugar', 'total_sulfur_dioxide')",0.009861966714263237,0.01314678952564431,0.0,0.003909723032840318,0.001376313993206601,0.004684759452146792
"('residual_sugar', 'volatile_acidity')",0.009861966714263237,0.013730638580465682,0.0,0.009682855397216349,0.0042527149418548765,0.01028252602502059
