,v1,v2,vC,main_effect_cross_predictability,main_effect_cov,pure_interactions
"('residual_sugar', 'chlorides')",0.023656714656123675,0.0896187565859109,0.0,-0.015769635063749184,0.02853791954120726,0.012904294618727014
"('residual_sugar', 'citric_acid')",0.023656714656123675,0.06762124240027627,0.0,-0.0041682381357663455,0.006977766550425406,0.013051529983619739
"('residual_sugar', 'density')",0.023656714656123675,0.126492061372777,0.0,-0.09119029746745135,0.12855283587838898,0.01572005242624102
"('residual_sugar', 'fixed_acidity')",0.023656714656123675,0.012309211472849916,0.0,-0.00025399433206342223,0.002592121857359465,0.011930100792517075
"('residual_sugar', 'free_sulfur_dioxide')",0.023656714656123675,0.04086660153316267,0.0,-0.00669143488166477,0.012345940076778486,0.0108596835047719
"('residual_sugar', 'pH')",0.023656714656123675,0.0022635911662291343,0.0,-0.0014154251440375361,-0.00021186316791548966,0.007981873945695477
"('residual_sugar', 'sulphates')",0.023656714656123675,0.023467640494227383,0.0,0.0011432219373897381,-0.0011554756906246432,0.016755122946062833
"('residual_sugar', 'total_sulfur_dioxide')",0.023656714656123675,0.045476698096714875,0.0,-0.0025536304239490346,0.0012584106784973843,0.009866706706168083
"('residual_sugar', 'volatile_acidity')",0.023656714656123675,0.07379357556862504,0.0,-0.020900871612941546,0.03970297768099268,0.020336160133624572
