,v1,v2,vC,main_effect_cross_predictability,main_effect_cov,pure_interactions
"('citric_acid', 'chlorides')",0.017439571220020163,0.023335240291779052,0.0,0.008456491932314406,0.003249953158123885,0.006549449574639568
"('citric_acid', 'density')",0.017439571220020163,0.028277358326316223,0.0,0.007882861148426859,0.0037715985194774764,0.0035759387127769116
"('citric_acid', 'fixed_acidity')",0.017439571220020163,0.010825613955878336,0.0,0.0031938225059842612,0.00346702186285841,0.005494335552617687
"('citric_acid', 'free_sulfur_dioxide')",0.017439571220020163,0.015617044664499818,0.0,0.006027509247188088,0.0027621851723511723,0.003489958986330338
"('citric_acid', 'pH')",0.017439571220020163,0.0035531926247451464,0.0,0.004184366292374083,0.0023777650554085024,0.005309507880938187
"('citric_acid', 'residual_sugar')",0.017439571220020163,0.00931195388974087,0.0,0.0034523695443830936,0.00262512890300766,0.007248361134669681
"('citric_acid', 'sulphates')",0.017439571220020163,0.008769593985921562,0.0,0.004394670454855905,0.0029327458036458747,0.0046497743630415245
"('citric_acid', 'total_sulfur_dioxide')",0.017439571220020163,0.016407571774785436,0.0,0.00669663498612755,0.0028665403935856887,0.0052260925943783025
"('citric_acid', 'volatile_acidity')",0.017439571220020163,0.020704805517000012,0.0,0.014926789587613511,0.0045447968835808416,0.005471786725634014
